{"cameraMode":{"drawMode":0,"name":"Shaded","section":"Shading Mode"},"sceneLighting":true,"audioPlay":false,"sceneViewState":{"showFog":true,"showMaterialUpdate":false,"showSkybox":true,"showFlares":true,"showImageEffects":true,"showParticleSystems":true},"in2DMode":false,"pivot":{"x":-7.340425491333008,"y":-111.46334838867188,"z":-94.35504150390625},"rotation":{"x":-0.01858365535736084,"y":0.9440411329269409,"z":-0.3252605199813843,"w":-0.05352518707513809},"size":70.76467895507813,"orthographic":false}