{"cameraMode":{"drawMode":0,"name":"Shaded","section":"Shading Mode"},"sceneLighting":true,"audioPlay":false,"sceneViewState":{"showFog":true,"showMaterialUpdate":false,"showSkybox":true,"showFlares":true,"showImageEffects":true,"showParticleSystems":true},"in2DMode":false,"pivot":{"x":801.2325439453125,"y":173.46542358398438,"z":68.06942749023438},"rotation":{"x":-0.06360188126564026,"y":-0.7012974619865418,"z":-0.06306848675012589,"w":0.7072246074676514},"size":2.4073948860168459,"orthographic":false}