{"cameraMode":{"drawMode":0,"name":"Shaded","section":"Shading Mode"},"sceneLighting":false,"audioPlay":false,"sceneViewState":{"showFog":true,"showMaterialUpdate":false,"showSkybox":false,"showFlares":true,"showImageEffects":true,"showParticleSystems":true},"in2DMode":false,"pivot":{"x":1.1357167959213257,"y":-4.088008880615234,"z":-25.572954177856447},"rotation":{"x":-0.0014486274449154735,"y":-0.997834324836731,"z":0.06175446882843971,"w":-0.02334706299006939},"size":13.41301155090332,"orthographic":false}