{"cameraMode":{"drawMode":0,"name":"Shaded","section":"Shading Mode"},"sceneLighting":false,"audioPlay":false,"sceneViewState":{"showFog":true,"showMaterialUpdate":false,"showSkybox":false,"showFlares":true,"showImageEffects":true,"showParticleSystems":true},"in2DMode":false,"pivot":{"x":1.4564027786254883,"y":-5.440376281738281,"z":-17.80567169189453},"rotation":{"x":-0.008667228743433953,"y":-0.9867178201675415,"z":0.1524703949689865,"w":-0.05601035803556442},"size":10.523491859436036,"orthographic":false}