{"cameraMode":{"drawMode":0,"name":"Shaded","section":"Shading Mode"},"sceneLighting":false,"audioPlay":false,"sceneViewState":{"showFog":true,"showMaterialUpdate":false,"showSkybox":false,"showFlares":true,"showImageEffects":true,"showParticleSystems":true},"in2DMode":false,"pivot":{"x":-231.58103942871095,"y":-64.24132537841797,"z":-35.81317901611328},"rotation":{"x":-0.08687812834978104,"y":0.7523777484893799,"z":-0.10126315802335739,"w":-0.6452271938323975},"size":123.21430969238281,"orthographic":false}