{"cameraMode":{"drawMode":0,"name":"Shaded","section":"Shading Mode"},"sceneLighting":true,"audioPlay":false,"sceneViewState":{"showFog":true,"showMaterialUpdate":false,"showSkybox":true,"showFlares":true,"showImageEffects":true,"showParticleSystems":true},"in2DMode":false,"pivot":{"x":-119.55945587158203,"y":-87.01995086669922,"z":29.26786231994629},"rotation":{"x":-0.17085053026676179,"y":0.590879499912262,"z":-0.12987582385540009,"w":-0.777730405330658},"size":76.61693572998047,"orthographic":false}