{"cameraMode":{"drawMode":0,"name":"Shaded","section":"Shading Mode"},"sceneLighting":false,"audioPlay":false,"sceneViewState":{"showFog":true,"showMaterialUpdate":false,"showSkybox":false,"showFlares":true,"showImageEffects":true,"showParticleSystems":true},"in2DMode":false,"pivot":{"x":1.8550000190734864,"y":14.139999389648438,"z":1.899999976158142},"rotation":{"x":-0.008667228743433953,"y":-0.9867178201675415,"z":0.1524703949689865,"w":-0.05601035803556442},"size":6.657223224639893,"orthographic":false}