{"cameraMode":{"drawMode":0,"name":"Shaded","section":"Shading Mode"},"sceneLighting":false,"audioPlay":false,"sceneViewState":{"showFog":true,"showMaterialUpdate":false,"showSkybox":false,"showFlares":true,"showImageEffects":true,"showParticleSystems":true},"in2DMode":false,"pivot":{"x":1.7718651294708253,"y":-4.844891548156738,"z":-17.9594783782959},"rotation":{"x":-0.008667228743433953,"y":-0.9867178201675415,"z":0.1524703949689865,"w":-0.05601035803556442},"size":12.806441307067871,"orthographic":false}