{"cameraMode":{"drawMode":0,"name":"Shaded","section":"Shading Mode"},"sceneLighting":true,"audioPlay":false,"sceneViewState":{"showFog":true,"showMaterialUpdate":false,"showSkybox":true,"showFlares":true,"showImageEffects":true,"showParticleSystems":true},"in2DMode":false,"pivot":{"x":-81.34467315673828,"y":-0.6817550659179688,"z":64.37433624267578},"rotation":{"x":-0.09431591629981995,"y":0.43901804089546206,"z":-0.04641786217689514,"w":-0.8923409581184387},"size":79.89171600341797,"orthographic":false}