{"cameraMode":{"drawMode":0,"name":"Shaded","section":"Shading Mode"},"sceneLighting":false,"audioPlay":false,"sceneViewState":{"showFog":true,"showMaterialUpdate":false,"showSkybox":false,"showFlares":true,"showImageEffects":true,"showParticleSystems":true},"in2DMode":false,"pivot":{"x":15.422969818115235,"y":4.160000801086426,"z":-2.0704257488250734},"rotation":{"x":-0.009341604076325894,"y":0.9674031734466553,"z":-0.2509404122829437,"w":-0.03525199741125107},"size":1.524745225906372,"orthographic":false}