{"cameraMode":{"drawMode":0,"name":"Shaded","section":"Shading Mode"},"sceneLighting":true,"audioPlay":false,"sceneViewState":{"showFog":true,"showMaterialUpdate":false,"showSkybox":true,"showFlares":true,"showImageEffects":true,"showParticleSystems":true},"in2DMode":false,"pivot":{"x":3.8339004516601564,"y":-1.9214515686035157,"z":9.883052825927735},"rotation":{"x":-0.0016328864730894566,"y":0.9231286644935608,"z":-0.3846559524536133,"w":-0.003439637366682291},"size":27.842741012573243,"orthographic":false}