{"cameraMode":{"drawMode":0,"name":"Shaded","section":"Shading Mode"},"sceneLighting":false,"audioPlay":false,"sceneViewState":{"showFog":true,"showMaterialUpdate":false,"showSkybox":true,"showFlares":true,"showImageEffects":true,"showParticleSystems":true},"in2DMode":false,"pivot":{"x":-10.832823753356934,"y":-29.672317504882814,"z":1.0792315006256104},"rotation":{"x":-0.03602861985564232,"y":-0.6801728010177612,"z":-0.0334625169634819,"w":0.7314660549163818},"size":10.127410888671875,"orthographic":false}