{"cameraMode":{"drawMode":0,"name":"Shaded","section":"Shading Mode"},"sceneLighting":false,"audioPlay":false,"sceneViewState":{"showFog":true,"showMaterialUpdate":false,"showSkybox":true,"showFlares":true,"showImageEffects":true,"showParticleSystems":true},"in2DMode":false,"pivot":{"x":-0.6105499267578125,"y":-34.8068962097168,"z":-0.6936299800872803},"rotation":{"x":0.17117121815681458,"y":-0.7113425731658936,"z":0.18570277094841004,"w":0.6559648513793945},"size":6.127950191497803,"orthographic":false}