{"cameraMode":{"drawMode":0,"name":"Shaded","section":"Shading Mode"},"sceneLighting":true,"audioPlay":false,"sceneViewState":{"showFog":true,"showMaterialUpdate":false,"showSkybox":true,"showFlares":true,"showImageEffects":true,"showParticleSystems":true},"in2DMode":false,"pivot":{"x":-30.106395721435548,"y":-55.24351501464844,"z":40.4620361328125},"rotation":{"x":0.4542365074157715,"y":-0.21769513189792634,"z":0.11550404876470566,"w":0.856116771697998},"size":50.778987884521487,"orthographic":false}