{"cameraMode":{"drawMode":0,"name":"Shaded","section":"Shading Mode"},"sceneLighting":false,"audioPlay":false,"sceneViewState":{"showFog":true,"showMaterialUpdate":false,"showSkybox":false,"showFlares":true,"showImageEffects":true,"showParticleSystems":true},"in2DMode":false,"pivot":{"x":6.252073287963867,"y":11.18779182434082,"z":4.208596229553223},"rotation":{"x":-0.14527951180934907,"y":0.8519558310508728,"z":-0.31660959124565127,"w":-0.3909302055835724},"size":0.012190580368041993,"orthographic":false}