{"cameraMode":{"drawMode":0,"name":"Shaded","section":"Shading Mode"},"sceneLighting":false,"audioPlay":false,"sceneViewState":{"showFog":true,"showMaterialUpdate":false,"showSkybox":false,"showFlares":true,"showImageEffects":true,"showParticleSystems":true},"in2DMode":false,"pivot":{"x":16.13900375366211,"y":4.751002311706543,"z":-3.2964398860931398},"rotation":{"x":-0.08388969302177429,"y":0.9159384369850159,"z":-0.2866581082344055,"w":-0.26804816722869875},"size":3.024744749069214,"orthographic":false}