{"cameraMode":{"drawMode":0,"name":"Shaded","section":"Shading Mode"},"sceneLighting":true,"audioPlay":false,"sceneViewState":{"showFog":true,"showMaterialUpdate":false,"showSkybox":true,"showFlares":true,"showImageEffects":true,"showParticleSystems":true},"in2DMode":false,"pivot":{"x":-27.384357452392579,"y":-29.39482879638672,"z":27.76268196105957},"rotation":{"x":0.3945792019367218,"y":0.22114598751068116,"z":-0.09844280034303665,"w":0.8864060640335083},"size":44.35227966308594,"orthographic":false}